{"cameraMode":{"drawMode":7,"name":"Mipmaps","section":"Miscellaneous"},"sceneLighting":true,"audioPlay":false,"sceneViewState":{"showFog":true,"showMaterialUpdate":false,"showSkybox":true,"showFlares":true,"showImageEffects":true,"showParticleSystems":true},"in2DMode":false,"pivot":{"x":-5.939813613891602,"y":0.3378181457519531,"z":3.981191635131836},"rotation":{"x":-0.20328332483768464,"y":-0.49622219800949099,"z":0.12041766941547394,"w":-0.8355674743652344},"size":25.00171661376953,"orthographic":true}